	AAPL	SPY	TSLA	SPOT	GOOG	NVDA
AAPL	0.0035911609679928273	0.0007848225673354661	0.003234443858640011	0.00015002322634905384	0.0007358319002789972	0.0009268040190678748
SPY	0.0007848225673354661	0.0012591278581207499	0.002338562624208174	0.001499871683074329	0.0007474582418715419	0.0028090025349094988
TSLA	0.003234443858640011	0.002338562624208174	0.02670344538480391	0.0034347621256266073	0.004308769679541822	-0.00038561474609054964
SPOT	0.00015002322634905384	0.001499871683074329	0.0034347621256266073	0.009447109069515775	-0.0007699325691503729	0.0019896818957272234
GOOG	0.0007358319002789972	0.0007474582418715419	0.004308769679541822	-0.0007699325691503729	0.004829784893030818	0.0017028600909068006
NVDA	0.0009268040190678748	0.0028090025349094988	-0.00038561474609054964	0.0019896818957272234	0.0017028600909068006	0.014522125224525246
