asset	estimated_return
AAPL	0.015376280245167549
SPY	0.01980744941446097
TSLA	0.02531290373212718
SPOT	0.07107754211298235
GOOG	0.02381188078431542
NVDA	0.06863967524917437
