asset	allocation
AAPL	0.1321811949929373
SPY	0.7604355609069147
TSLA	1.1837012021684304e-19
SPOT	0.006738850849027404
GOOG	0.10064439325112062
NVDA	-3.3548559379231337e-19
